zinc_id,smiles,predicted_delta_pIC50,QSAR_rank
ZINC000043100953,Cn1nnc(-c2ccc(-c3ccc(N4C[C@H](COP(=O)(O)O)OC4=O)cc3F)cn2)n1,0.5522710693476828,1
ZINC000028973446,O=C(O)[C@H]1N=C(c2ccccc2)c2cc(Cl)ccc2NC1=O,0.5476487343740539,2
ZINC000036701290,Cc1ccc(C(=O)Nc2ccc(CN3CCN(C)CC3)c(C(F)(F)F)c2)cc1C#Cc1cnc2cccnn12,0.5347791119664421,3
ZINC000030691797,N#Cc1ccccc1-c1cc(-c2ccccn2)cn(-c2ccccc2)c1=O,0.5135483824089734,4
ZINC000001530886,CCCc1nc2c(C)cc(-c3nc4ccccc4n3C)cc2n1Cc1ccc(-c2ccccc2C(=O)O)cc1,0.5129235488104148,5
ZINC000009574770,CC[C@H]1OC(=O)[C@H](C)C(=O)[C@H](C)[C@@H](O[C@@H]2O[C@H](C)C[C@H](N(C)C)[C@H]2O)[C@](C)(OC)C[C@@H](C)C(=O)[C@H](C)[C@H]2N(CCCCn3cnc(-c4cccnc4)c3)C(=O)O[C@]12C,0.4959337665222136,6
ZINC000095617679,CC[C@@H]1OC(=O)[C@H](C)C(=O)[C@H](C)[C@@H](O[C@@H]2O[C@H](C)C[C@H](N(C)C)[C@H]2O)[C@](C)(OC)C[C@@H](C)C(=O)[C@H](C)[C@H]2N(CCCCn3cnc(-c4cccnc4)c3)C(=O)O[C@@]12C,0.48381787943164234,7
ZINC000100378061,CC(C)(NC(=O)C1=C(O)[C@@H]2Oc3c(O)ccc4c3[C@@]23CCN(CC2CC2)[C@H](C4)[C@]3(O)C1)c1nc(-c2ccccc2)no1,0.4679341824253468,8
ZINC000150338819,COC(=O)N[C@H](C(=O)N1CC2(CC2)C[C@H]1c1ncc(-c2ccc3c(c2)C(F)(F)c2cc(-c4ccc5nc([C@@H]6[C@H]7CC[C@H](C7)N6C(=O)[C@@H](NC(=O)OC)C(C)C)[nH]c5c4)ccc2-3)[nH]1)C(C)C,0.4574154612212829,9
ZINC000095616937,COc1c(-c2ccc3cc(NS(C)(=O)=O)ccc3c2)cc(-n2ccc(=O)[nH]c2=O)cc1C(C)(C)C,0.4088459041500411,10
ZINC000006716957,Cc1cn(-c2cc(NC(=O)c3ccc(C)c(Nc4nccc(-c5cccnc5)n4)c3)cc(C(F)(F)F)c2)cn1,0.3874983620692467,11
ZINC000000000740,CN1C(=O)[C@H](O)N=C(c2ccccc2)c2cc(Cl)ccc21,0.34761858408512686,12
ZINC000000896634,CN1C(=O)[C@@H](O)N=C(c2ccccc2)c2cc(Cl)ccc21,0.3405256427249811,13
ZINC000000896717,COc1cc(/C(O)=N/S(=O)(=O)c2ccccc2C)ccc1Cc1cn(C)c2ccc(NC(=O)OC3CCCC3)cc12,0.32103440605901595,14
ZINC000001493878,CNC(=O)c1cc(Oc2ccc(NC(=O)Nc3ccc(Cl)c(C(F)(F)F)c3)cc2)ccn1,0.3147885252637255,15
ZINC000003812944,CC(C)C(=O)Nc1ccc([N+](=O)[O-])c(C(F)(F)F)c1,0.3102705024269649,16
ZINC000006745272,CNC(=O)c1cc(Oc2ccc(NC(=O)Nc3ccc(Cl)c(C(F)(F)F)c3)c(F)c2)ccn1,0.30186775738833777,17
ZINC000000608382,Cc1c(-c2ccccc2)oc2c(C(=O)OCCN3CCCCC3)cccc2c1=O,0.28163533023959264,18
ZINC000000006427,CN1C(=O)CN=C(c2ccccc2)c2cc(Cl)ccc21,0.2779730282116763,19
ZINC000035902489,C[C@@H](Oc1cc(-c2cnn(C3CCNCC3)c2)cnc1N)c1c(Cl)ccc(F)c1Cl,0.2600275701481483,20
ZINC000204073689,CCOC(=O)N[C@@H]1CC[C@@H]2[C@@H](C1)C[C@H]1C(=O)O[C@H](C)[C@H]1[C@H]2/C=C\c1ccc(-c2cccc(F)c2)cn1,0.2554225783538194,21
ZINC000169621200,CO[C@H]1/C=C/O[C@@]2(C)Oc3c(C)c(O)c4c(O)c(c5c(nc6cc(C)ccn65)c4c3C2=O)NC(=O)/C(C)=C\C=C\[C@H](C)[C@H](O)[C@@H](C)[C@@H](O)[C@@H](C)[C@H](OC(C)=O)[C@@H]1C,0.24821575702405682,22
ZINC000040899447,CS(=O)(=O)c1ccc(C(=O)Nc2ccc(Cl)c(-c3ccccn3)c2)c(Cl)c1,0.23832031746388185,23
ZINC000000968255,CCCC(=O)Nc1ccc(OC[C@H](O)CNC(C)C)c(C(C)=O)c1,0.22783604735873503,24
ZINC000000156792,CCCC(=O)Nc1ccc(OC[C@@H](O)CNC(C)C)c(C(C)=O)c1,0.22580000802539568,25
ZINC000014210876,COc1ccc(CN(C(=O)[C@@H](N)Cc2c(C)cc(C(N)=O)cc2C)[C@@H](C)c2nc(-c3ccccc3)c[nH]2)cc1C(=O)O,0.22214228347163098,26
ZINC000001895505,Cc1c(-c2ccc(O)cc2)n(Cc2ccc(OCCN3CCCCCC3)cc2)c2ccc(O)cc12,0.22031374567464979,27
ZINC000000006300,CCN(C(C)=O)c1cccc(-c2ccnc3c(C#N)cnn23)c1,0.20220612540903382,28
ZINC000001538857,COc1ccccc1Oc1c(NS(=O)(=O)c2ccc(C(C)(C)C)cc2)nc(-c2ncccn2)nc1OCCO,0.16899500463699788,29
ZINC000000897408,C[C@@](O)(CS(=O)(=O)c1ccc(F)cc1)C(=O)Nc1ccc(C#N)c(C(F)(F)F)c1,0.16631977083001645,30
ZINC000003918453,C[C@@H](O)[C@H]1C(=O)N2C(C(=O)O)=C(S[C@@H]3CN[C@H](C(=O)Nc4cccc(C(=O)O)c4)C3)[C@H](C)[C@H]12,0.16620772847418094,31
ZINC000000538564,C[C@](O)(CS(=O)(=O)c1ccc(F)cc1)C(=O)Nc1ccc(C#N)c(C(F)(F)F)c1,0.15952048935874852,32
ZINC000003784182,COc1ccc(-c2ccc3cc(C(=O)O)ccc3c2)cc1C12CC3CC(CC(C3)C1)C2,0.15467756829397733,33
ZINC000000000575,O=C1Nc2ccc(Cl)cc2C(c2ccccc2)=N[C@H]1O,0.14074078630241277,34
ZINC000000509440,O=C1Nc2ccc(Cl)cc2C(c2ccccc2)=N[C@@H]1O,0.14039748457423887,35
ZINC000028973441,O=C(O)[C@@H]1N=C(c2ccccc2)c2cc(Cl)ccc2NC1=O,0.13710144375368893,36
ZINC000003873160,CCCCc1nc(Cl)c(CO)n1Cc1ccc(-c2ccccc2-c2nn[nH]n2)cc1,0.13655905083877767,37
ZINC000001886617,CC(C)n1c(/C=C/[C@@H](O)C[C@@H](O)CC(=O)O)c(-c2ccc(F)cc2)c2ccccc21,0.13550898456395707,38
ZINC000001530639,CC(C)n1c(/C=C/[C@H](O)C[C@H](O)CC(=O)O)c(-c2ccc(F)cc2)c2ccccc21,0.1338722447134531,39
ZINC000000121480,O=C(Nc1ccc(Cl)cc1)Nc1ccc(Cl)c(Cl)c1,0.12772877157267803,40
ZINC000000538658,Cc1ccccc1C(=O)Nc1ccc(C(=O)N2CCC[C@@H](O)c3cc(Cl)ccc32)c(C)c1,0.09368453321823118,41
ZINC000000000903,Cc1nnc2n1-c1ccc(Cl)cc1C(c1ccccc1)=NC2,0.0909426142826473,42
ZINC000018324776,CCCc1nc(C)c2c(=O)[nH]c(-c3cc(S(=O)(=O)N4CCN(CC)CC4)ccc3OCC)nn12,0.08983597167659958,43
ZINC000049643479,O=C(O)CCc1nc(-c2ccccc2)c(-c2ccccc2)o1,0.08579966913232791,44
ZINC000000001370,Clc1ccc2c(c1)C(c1ccccc1)=NCc1nncn1-2,0.06498540692797039,45
ZINC000000538275,O=C(c1ccc(OCCN2CCCCC2)cc1)c1c(-c2ccc(O)cc2)sc2cc(O)ccc12,0.0645384944449085,46
ZINC000006467621,O=S(=O)(O)c1ccc2[nH]c(-c3ccccc3)nc2c1,0.06290478320845948,47
ZINC000000000323,C[C@H](C(=O)O)c1ccc(-c2ccccc2)c(F)c1,0.05924011062809586,48
ZINC000003797541,C[C@]12CC[C@H]3[C@@H](CC=C4C[C@@H](O)CC[C@@]43C)[C@@H]1CC=C2c1cccnc1,0.05666802284804863,49
ZINC000000008667,C[C@@H](C(=O)O)c1ccc(-c2ccccc2)c(F)c1,0.05661768187276711,50
ZINC000035328014,C=CC(=O)N1CCC[C@@H](n2nc(-c3ccc(Oc4ccccc4)cc3)c3c(N)ncnc32)C1,0.0462407222259499,51
ZINC000003872931,CCCCC1=NC2(CCCC2)C(=O)N1Cc1ccc(-c2ccccc2-c2nn[nH]n2)cc1,0.04247077487542066,52
ZINC000169289767,Cc1cc(-c2ccc(/N=N/c3c(S(=O)(=O)O)cc4cc(S(=O)(=O)O)cc(N)c4c3O)c(C)c2)ccc1/N=N/c1c(S(=O)(=O)O)cc2cc(S(=O)(=O)O)cc(N)c2c1O,0.03584137356083341,53
ZINC000001529323,CN(Cc1cnc2nc(N)nc(N)c2n1)c1ccc(C(=O)N[C@@H](CCC(=O)O)C(=O)O)cc1,0.03504048383057519,54
ZINC000000120286,Nc1nc(N)c2nc(-c3ccccc3)c(N)nc2n1,0.03004964340329705,55
ZINC000009224016,Cc1[nH]c(=O)c(C#N)cc1-c1ccncc1,0.020614407081041647,56
ZINC000068153186,CC(C)(C)c1nc(-c2cccc(NS(=O)(=O)c3c(F)cccc3F)c2F)c(-c2ccnc(N)n2)s1,0.015605301493069323,57
ZINC000019632618,Cc1ccc(NC(=O)c2ccc(CN3CCN(C)CC3)cc2)cc1Nc1nccc(-c2cccnc2)n1,0.013681222953089102,58
ZINC000000001408,CCOC(=O)c1cncn1[C@H](C)c1ccccc1,0.011257528667039312,59
ZINC000043207238,Cc1ccc([C@@H]2O[C@H](CO)[C@@H](O)[C@H](O)[C@H]2O)cc1Cc1ccc(-c2ccc(F)cc2)s1,0.01102698972986639,60
ZINC000014210642,CCOc1nc2cccc(C(=O)OCc3oc(=O)oc3C)c2n1Cc1ccc(-c2ccccc2-c2noc(=O)[nH]2)cc1,0.009574452476640002,61
ZINC000001550766,OCCOc1ccc(/C(=C(/CCCl)c2ccccc2)c2ccccc2)cc1,0.007030406735566272,62
ZINC000003990451,CC(C)N(CCCCOCC(=O)NS(C)(=O)=O)c1cnc(-c2ccccc2)c(-c2ccccc2)n1,0.002158749916904344,63
ZINC000003941496,COC(=O)N[C@H](C(=O)N[C@@H](Cc1ccccc1)[C@@H](O)CN(Cc1ccc(-c2ccccn2)cc1)NC(=O)[C@@H](NC(=O)OC)C(C)(C)C)C(C)(C)C,0.0020634976981144066,64
ZINC000002568036,O=C1CN(/N=C/c2ccc(-c3ccc([N+](=O)[O-])cc3)o2)C(=O)N1,-0.0016118857084992395,65
ZINC000001187543,Cn1cc[nH]c1=S,-0.002899692110945793,66
ZINC000001485935,C[C@@H](c1nc(-c2ccc(C#N)cc2)cs1)[C@](O)(Cn1cncn1)c1cc(F)ccc1F,-0.010882199061774926,67
ZINC000084758235,Cc1ccn(-c2cc(Cl)ccc2[C@@H](Oc2cc(-c3ccc(C[C@H](N)C(=O)O)cc3)nc(N)n2)C(F)(F)F)n1,-0.010914066644129115,68
ZINC000005733652,COc1ccc(-c2cc(=O)c3c(O)cc(O)cc3o2)cc1O,-0.012944045012454497,69
ZINC000003875259,CCCCC(=O)N(Cc1ccc(-c2ccccc2-c2nn[nH]n2)cc1)[C@H](C(=O)O)C(C)C,-0.01716164499378762,70
ZINC000003874715,COc1cc([C@H]2c3cc4c(cc3[C@H](O)[C@H]3COC(=O)[C@H]23)OCO4)cc(OC)c1OC,-0.017326214466391043,71
ZINC000004074875,CCOc1nc2cccc(C(=O)O[C@H](C)OC(=O)OC3CCCCC3)c2n1Cc1ccc(-c2ccccc2-c2nn[nH]n2)cc1,-0.02026038955706163,72
ZINC000000025958,CNCc1ccc(-c2[nH]c3cc(F)cc4c3c2CCNC4=O)cc1,-0.023733869990136977,73
ZINC000000004448,Cc1nccn1C[C@H]1CCc2c(c3ccccc3n2C)C1=O,-0.02451104290214368,74
ZINC000004097427,CCOc1nc2cccc(C(=O)O[C@@H](C)OC(=O)OC3CCCCC3)c2n1Cc1ccc(-c2ccccc2-c2nnn[nH]2)cc1,-0.024935564722469727,75
ZINC000000538621,CCCc1nc(C(C)(C)O)c(C(=O)O)n1Cc1ccc(-c2ccccc2-c2nnn[nH]2)cc1,-0.025577608300439852,76
ZINC000000005423,Cc1nc(-c2ccc(OCC(C)C)c(C#N)c2)sc1C(=O)O,-0.027715755376561305,77
ZINC000000020245,CN(C)CCCN1c2ccccc2CCc2ccccc21,-0.03094122731384025,78
ZINC000000075126,Cc1nccn1C[C@@H]1CCc2c(c3ccccc3n2C)C1=O,-0.03198878003906901,79
ZINC000072318121,CCN1CCN(Cc2ccc(Nc3ncc(F)c(-c4cc(F)c5nc(C)n(C(C)C)c5c4)n3)nc2)CC1,-0.033564557663444114,80
ZINC000000601317,N#CC(CCN1CCC(C(=O)O)(c2ccccc2)CC1)(c1ccccc1)c1ccccc1,-0.033602383876996184,81
