ligand_id,zinc_id,SMILES,predicted_delta_pIC50,QSAR_rank,vina_score,ALA906,ARG1007,ARG879,ASN1008,ASP1003,ASP1021,GLU883,GLU925,GLU957,GLU966,GLY1020,GLY1023,GLY884,GLY887,LEU1010,LEU1024,LEU881,LEU959,LYS908,LYS965,LYS970,MET956,PHE958,PRO960,SER961,SER963,VAL889,VAL938
ZINC000043100953,ZINC000043100953,Cn1nnc(-c2ccc(-c3ccc(N4C[C@H](COP(=O)(O)O)OC4=O)cc3F)cn2)n1,0.5522710693476828,1.0,-8.832,,,hydrogen_bond,hydrogen_bond,,,,,,hydrophobic,,,,,hydrophobic,,hydrophobic,,,,hydrogen_bond,,hydrophobic,,,,,
ZINC000028973446,ZINC000028973446,O=C(O)[C@H]1N=C(c2ccccc2)c2cc(Cl)ccc2NC1=O,0.5476487343740539,2.0,-7.389,hydrophobic,hydrogen_bond,,,,,,,,,,,,,hydrophobic,,hydrophobic,,,,,,,,,,,
ZINC000036701290,ZINC000036701290,Cc1ccc(C(=O)Nc2ccc(CN3CCN(C)CC3)c(C(F)(F)F)c2)cc1C#Cc1cnc2cccnn12,0.5347791119664421,3.0,-10.8,hydrophobic,halogen_bond;hydrogen_bond,hydrogen_bond;pi_cation,,salt_bridge,salt_bridge,,,,hydrophobic,,,,,hydrophobic,,hydrophobic,,,,,,hydrophobic,,,,hydrophobic,
ZINC000030691797,ZINC000030691797,N#Cc1ccccc1-c1cc(-c2ccccn2)cn(-c2ccccc2)c1=O,0.5135483824089734,4.0,-8.593,,hydrogen_bond;hydrophobic,,,,,,,,,,,,,hydrophobic,,hydrophobic,,,hydrophobic,,,,,,,hydrophobic,
ZINC000001530886,ZINC000001530886,CCCc1nc2c(C)cc(-c3nc4ccccc4n3C)cc2n1Cc1ccc(-c2ccccc2C(=O)O)cc1,0.5129235488104148,5.0,-9.09,,,,,,,hydrogen_bond,,,hydrophobic,,,,,hydrophobic,,hydrophobic,,,,,,hydrophobic,,,,,
ZINC000009574770,ZINC000009574770,CC[C@H]1OC(=O)[C@H](C)C(=O)[C@H](C)[C@@H](O[C@@H]2O[C@H](C)C[C@H](N(C)C)[C@H]2O)[C@](C)(OC)C[C@@H](C)C(=O)[C@H](C)[C@H]2N(CCCCn3cnc(-c4cccnc4)c3)C(=O)O[C@]12C,0.4959337665222136,6.0,,,,,,,,,,,,,,,,,,,,,,,,,,,,,
ZINC000095617679,ZINC000095617679,CC[C@@H]1OC(=O)[C@H](C)C(=O)[C@H](C)[C@@H](O[C@@H]2O[C@H](C)C[C@H](N(C)C)[C@H]2O)[C@](C)(OC)C[C@@H](C)C(=O)[C@H](C)[C@H]2N(CCCCn3cnc(-c4cccnc4)c3)C(=O)O[C@@]12C,0.4838178794316423,7.0,,,,,,,,,,,,,,,,,,,,,,,,,,,,,
ZINC000100378061,ZINC000100378061,CC(C)(NC(=O)C1=C(O)[C@@H]2Oc3c(O)ccc4c3[C@@]23CCN(CC2CC2)[C@H](C4)[C@]3(O)C1)c1nc(-c2ccccc2)no1,0.4679341824253468,8.0,-9.133,hydrophobic,hydrogen_bond,,,,,hydrogen_bond,,,,,,,,hydrophobic,,hydrophobic,,,hydrophobic,,,,,,,hydrophobic,
ZINC000150338819,ZINC000150338819,COC(=O)N[C@H](C(=O)N1CC2(CC2)C[C@H]1c1ncc(-c2ccc3c(c2)C(F)(F)c2cc(-c4ccc5nc([C@@H]6[C@H]7CC[C@H](C7)N6C(=O)[C@@H](NC(=O)OC)C(C)C)[nH]c5c4)ccc2-3)[nH]1)C(C)C,0.4574154612212829,9.0,,,,,,,,,,,,,,,,,,,,,,,,,,,,,
ZINC000095616937,ZINC000095616937,COc1c(-c2ccc3cc(NS(C)(=O)=O)ccc3c2)cc(-n2ccc(=O)[nH]c2=O)cc1C(C)(C)C,0.4088459041500411,10.0,-9.794,hydrophobic,hydrogen_bond,hydrogen_bond,,,,hydrogen_bond,,,,,,,,hydrophobic,,hydrophobic,hydrophobic,,,,,hydrophobic,,,,hydrophobic,
ZINC000006716957,ZINC000006716957,Cc1cn(-c2cc(NC(=O)c3ccc(C)c(Nc4nccc(-c5cccnc5)n4)c3)cc(C(F)(F)F)c2)cn1,0.3874983620692467,11.0,-11.44,,,hydrogen_bond,hydrogen_bond,,,,,,,,,,,hydrophobic,hydrophobic,hydrophobic,,pi_cation,,,,hydrophobic,,,hydrogen_bond,,
ZINC000000000740,ZINC000000000740,CN1C(=O)[C@H](O)N=C(c2ccccc2)c2cc(Cl)ccc21,0.3476185840851268,12.0,-6.364,,hydrogen_bond,,,,,,,,,,,,,hydrophobic,,hydrophobic,,,,,,,,,,,
ZINC000000896634,ZINC000000896634,CN1C(=O)[C@@H](O)N=C(c2ccccc2)c2cc(Cl)ccc21,0.3405256427249811,13.0,-6.787,,hydrogen_bond,,,,,,,,,,,,,hydrophobic,,hydrophobic,,,,,,,,,,,
ZINC000000896717,ZINC000000896717,COc1cc(/C(O)=N/S(=O)(=O)c2ccccc2C)ccc1Cc1cn(C)c2ccc(NC(=O)OC3CCCC3)cc12,0.3210344060590159,14.0,-8.981,,,hydrogen_bond,,,,hydrogen_bond,,,hydrogen_bond;hydrophobic,,,,,hydrophobic,,hydrophobic,,,,,,hydrophobic,,,,,
ZINC000001493878,ZINC000001493878,CNC(=O)c1cc(Oc2ccc(NC(=O)Nc3ccc(Cl)c(C(F)(F)F)c3)cc2)ccn1,0.3147885252637255,15.0,-10.4,,,,,,,,hydrogen_bond,,,,,,,hydrophobic,,hydrophobic,,pi_cation,,,,,,,,hydrophobic,
ZINC000003812944,ZINC000003812944,CC(C)C(=O)Nc1ccc([N+](=O)[O-])c(C(F)(F)F)c1,0.3102705024269649,16.0,-7.492,,,,,,hydrophobic,,,,,,,,,hydrophobic,,halogen_bond;hydrophobic,,,,,,,,,,hydrophobic,
ZINC000006745272,ZINC000006745272,CNC(=O)c1cc(Oc2ccc(NC(=O)Nc3ccc(Cl)c(C(F)(F)F)c3)c(F)c2)ccn1,0.3018677573883377,17.0,-10.19,,hydrogen_bond,,hydrogen_bond,,,,hydrogen_bond,,,,,,,hydrophobic,,hydrophobic,halogen_bond,hydrogen_bond;pi_cation,,,,,,,,,
ZINC000000608382,ZINC000000608382,Cc1c(-c2ccccc2)oc2c(C(=O)OCCN3CCCCC3)cccc2c1=O,0.2816353302395926,18.0,-9.539,,,,,,hydrophobic,,,,salt_bridge,,,,,hydrophobic,,hydrophobic,,,,,,hydrophobic,,,,hydrophobic,
ZINC000000006427,ZINC000000006427,CN1C(=O)CN=C(c2ccccc2)c2cc(Cl)ccc21,0.2779730282116763,19.0,-6.329,,,,,,,,,,,,,,,hydrophobic,,hydrophobic,,,,,,,,,,,
ZINC000035902489,ZINC000035902489,C[C@@H](Oc1cc(-c2cnn(C3CCNCC3)c2)cnc1N)c1c(Cl)ccc(F)c1Cl,0.2600275701481483,20.0,-9.905,hydrophobic,hydrogen_bond,,,,,,,,hydrogen_bond,,,,hydrogen_bond,hydrophobic,,hydrophobic,,,,,,hydrophobic,,,hydrogen_bond,hydrophobic,
ZINC000204073689,ZINC000204073689,CCOC(=O)N[C@@H]1CC[C@@H]2[C@@H](C1)C[C@H]1C(=O)O[C@H](C)[C@H]1[C@H]2/C=C\c1ccc(-c2cccc(F)c2)cn1,0.2554225783538194,21.0,-7.278,hydrophobic,hydrophobic,,,,,,,,,,,,,hydrophobic,,hydrophobic,halogen_bond,,,,,,,,hydrogen_bond,hydrophobic,
ZINC000169621200,ZINC000169621200,CO[C@H]1/C=C/O[C@@]2(C)Oc3c(C)c(O)c4c(O)c(c5c(nc6cc(C)ccn65)c4c3C2=O)NC(=O)/C(C)=C\C=C\[C@H](C)[C@H](O)[C@@H](C)[C@@H](O)[C@@H](C)[C@H](OC(C)=O)[C@@H]1C,0.2482157570240568,22.0,,,,,,,,,,,,,,,,,,,,,,,,,,,,,
ZINC000040899447,ZINC000040899447,CS(=O)(=O)c1ccc(C(=O)Nc2ccc(Cl)c(-c3ccccn3)c2)c(Cl)c1,0.2383203174638818,23.0,-10.04,,,,,,,,,,,,,,,hydrophobic,,hydrophobic,,,,,,hydrophobic,,,,hydrophobic,
ZINC000000968255,ZINC000000968255,CCCC(=O)Nc1ccc(OC[C@H](O)CNC(C)C)c(C(C)=O)c1,0.227836047358735,24.0,-7.03,,,,,,hydrogen_bond;hydrophobic,,,,,,,,,hydrophobic,,hydrophobic,,,,,,,,,hydrogen_bond,hydrophobic,
ZINC000000156792,ZINC000000156792,CCCC(=O)Nc1ccc(OC[C@@H](O)CNC(C)C)c(C(C)=O)c1,0.2258000080253956,25.0,-7.273,hydrophobic,hydrogen_bond;hydrophobic,,hydrogen_bond,,hydrophobic,hydrogen_bond,,,,,,,,hydrophobic,,hydrophobic,,hydrogen_bond,,,,hydrophobic,,,,hydrophobic,
ZINC000014210876,ZINC000014210876,COc1ccc(CN(C(=O)[C@@H](N)Cc2c(C)cc(C(N)=O)cc2C)[C@@H](C)c2nc(-c3ccccc3)c[nH]2)cc1C(=O)O,0.2221422834716309,26.0,-9.191,hydrophobic,,hydrogen_bond;pi_cation,,,,,,,hydrogen_bond;hydrophobic,,,,,hydrophobic,,hydrophobic,hydrogen_bond,,,,,hydrophobic,,hydrogen_bond,hydrogen_bond,,
ZINC000001895505,ZINC000001895505,Cc1c(-c2ccc(O)cc2)n(Cc2ccc(OCCN3CCCCCC3)cc2)c2ccc(O)cc12,0.2203137456746497,27.0,-6.666,hydrophobic,hydrophobic,hydrogen_bond,,,,,,hydrogen_bond,hydrophobic,,,,,hydrophobic,,hydrophobic,,,,,,,,,,hydrophobic,
ZINC000000006300,ZINC000000006300,CCN(C(C)=O)c1cccc(-c2ccnc3c(C#N)cnn23)c1,0.2022061254090338,28.0,-8.274,,,,,,,hydrogen_bond,,,,,,,,,,hydrophobic,,,,,,,,,hydrogen_bond,hydrophobic,
ZINC000001538857,ZINC000001538857,COc1ccccc1Oc1c(NS(=O)(=O)c2ccc(C(C)(C)C)cc2)nc(-c2ncccn2)nc1OCCO,0.1689950046369978,29.0,-8.066,hydrophobic,hydrogen_bond,,,,,hydrogen_bond,,,,,,,,hydrophobic,,hydrophobic,hydrophobic,,,,,hydrophobic,,,,hydrophobic,
ZINC000000897408,ZINC000000897408,C[C@@](O)(CS(=O)(=O)c1ccc(F)cc1)C(=O)Nc1ccc(C#N)c(C(F)(F)F)c1,0.1663197708300164,30.0,-9.293,,hydrophobic,,,,,,,,,,,,,hydrophobic,,hydrophobic,hydrogen_bond,,,,,,,,,hydrophobic,
ZINC000003918453,ZINC000003918453,C[C@@H](O)[C@H]1C(=O)N2C(C(=O)O)=C(S[C@@H]3CN[C@H](C(=O)Nc4cccc(C(=O)O)c4)C3)[C@H](C)[C@H]12,0.1662077284741809,31.0,-9.863,,salt_bridge,,hydrogen_bond,,hydrogen_bond,,,,,,hydrogen_bond,,,hydrophobic,,hydrophobic,hydrogen_bond,pi_cation,,,,,,,,,
ZINC000000538564,ZINC000000538564,C[C@](O)(CS(=O)(=O)c1ccc(F)cc1)C(=O)Nc1ccc(C#N)c(C(F)(F)F)c1,0.1595204893587485,32.0,-9.468,,hydrogen_bond,,,,,,,,,,,,,hydrophobic,,hydrophobic,hydrogen_bond,pi_cation,,,,,,,,hydrophobic,
ZINC000003784182,ZINC000003784182,COc1ccc(-c2ccc3cc(C(=O)O)ccc3c2)cc1C12CC3CC(CC(C3)C1)C2,0.1546775682939773,33.0,-10.33,,,pi_cation;salt_bridge,,,hydrophobic,,,,hydrophobic,,,,,,,hydrophobic,,,,salt_bridge,,hydrophobic,,,,hydrophobic,
ZINC000000000575,ZINC000000000575,O=C1Nc2ccc(Cl)cc2C(c2ccccc2)=N[C@H]1O,0.1407407863024127,34.0,-6.692,,,,,,,,,,,,,,,hydrophobic,,hydrogen_bond;hydrophobic,,,,,,,,,hydrogen_bond,hydrophobic,
ZINC000000509440,ZINC000000509440,O=C1Nc2ccc(Cl)cc2C(c2ccccc2)=N[C@@H]1O,0.1403974845742388,35.0,-6.706,,hydrogen_bond;pi_cation,,hydrogen_bond,,,hydrogen_bond,,,halogen_bond,,,,,,,hydrophobic,,,,,,,,,halogen_bond,hydrophobic,
ZINC000028973441,ZINC000028973441,O=C(O)[C@@H]1N=C(c2ccccc2)c2cc(Cl)ccc2NC1=O,0.1371014437536889,36.0,-6.368,,hydrogen_bond;hydrophobic;pi_cation,,,,hydrogen_bond,,,,,,,,,,,,,pi_cation,,,,,,,,,
ZINC000003873160,ZINC000003873160,CCCCc1nc(Cl)c(CO)n1Cc1ccc(-c2ccccc2-c2nn[nH]n2)cc1,0.1365590508387776,37.0,-9.039,hydrophobic,hydrogen_bond,,,,hydrophobic,,,,,,,,,hydrophobic,,hydrophobic,,,,,,hydrophobic,,,hydrogen_bond,hydrophobic,
ZINC000001886617,ZINC000001886617,CC(C)n1c(/C=C/[C@@H](O)C[C@@H](O)CC(=O)O)c(-c2ccc(F)cc2)c2ccccc21,0.135508984563957,38.0,-9.537,hydrophobic,hydrogen_bond;salt_bridge,,hydrogen_bond,,,,,,,,,,,hydrophobic,,hydrophobic,,,,,,hydrophobic,,,hydrogen_bond,hydrophobic,
ZINC000001530639,ZINC000001530639,CC(C)n1c(/C=C/[C@H](O)C[C@H](O)CC(=O)O)c(-c2ccc(F)cc2)c2ccccc21,0.1338722447134531,39.0,-9.354,hydrophobic,hydrogen_bond,,,,,,,,,,,,,hydrophobic,,hydrophobic,,,,,,hydrophobic,,,hydrogen_bond,hydrophobic,
ZINC000000121480,ZINC000000121480,O=C(Nc1ccc(Cl)cc1)Nc1ccc(Cl)c(Cl)c1,0.127728771572678,40.0,-7.859,,,,,,,,,,,,,,,hydrophobic,,hydrogen_bond;hydrophobic,halogen_bond,,,,,,,,,hydrophobic,
ZINC000000538658,ZINC000000538658,Cc1ccccc1C(=O)Nc1ccc(C(=O)N2CCC[C@@H](O)c3cc(Cl)ccc32)c(C)c1,0.0936845332182311,41.0,-6.535,hydrophobic,hydrogen_bond;hydrophobic,,,,,hydrophobic,,,,,,,,hydrophobic,,hydrophobic,,,,,,,,,,hydrophobic,
ZINC000000000903,ZINC000000000903,Cc1nnc2n1-c1ccc(Cl)cc1C(c1ccccc1)=NC2,0.0909426142826473,42.0,-8.441,hydrophobic,,,,,,,,halogen_bond,,,,,,hydrophobic,,hydrophobic,,,,,,hydrophobic,,,hydrogen_bond,hydrophobic,
ZINC000018324776,ZINC000018324776,CCCc1nc(C)c2c(=O)[nH]c(-c3cc(S(=O)(=O)N4CCN(CC)CC4)ccc3OCC)nn12,0.0898359716765995,43.0,-8.693,hydrophobic,,,,salt_bridge,salt_bridge,,,,,,,,,hydrophobic,hydrophobic,hydrophobic,,,,,hydrophobic,hydrophobic,,,hydrogen_bond,hydrogen_bond,hydrophobic
ZINC000049643479,ZINC000049643479,O=C(O)CCc1nc(-c2ccccc2)c(-c2ccccc2)o1,0.0857996691323279,44.0,-8.401,hydrophobic,,salt_bridge,,,,,,,,,,,,hydrophobic,,hydrophobic,hydrogen_bond,,,,,hydrophobic,,,,hydrophobic,
ZINC000000001370,ZINC000000001370,Clc1ccc2c(c1)C(c1ccccc1)=NCc1nncn1-2,0.0649854069279703,45.0,-9.265,hydrophobic,,,,,,,,,,,,,,hydrophobic,,hydrophobic,,,,,,hydrophobic,,,hydrogen_bond,hydrophobic,
ZINC000000538275,ZINC000000538275,O=C(c1ccc(OCCN2CCCCC2)cc1)c1c(-c2ccc(O)cc2)sc2cc(O)ccc12,0.0645384944449085,46.0,-8.951,,hydrophobic,,,,hydrophobic;salt_bridge,,,,,,,,hydrogen_bond,hydrophobic,hydrophobic,hydrophobic,hydrogen_bond,,,,,,,,,hydrophobic,
ZINC000006467621,ZINC000006467621,O=S(=O)(O)c1ccc2[nH]c(-c3ccccc3)nc2c1,0.0629047832084594,47.0,-8.415,hydrophobic,salt_bridge,,hydrogen_bond,,,hydrogen_bond,,,,,,,,hydrophobic,,hydrogen_bond;hydrophobic,,,,,,hydrophobic,,,,,
ZINC000000000323,ZINC000000000323,C[C@H](C(=O)O)c1ccc(-c2ccccc2)c(F)c1,0.0592401106280958,48.0,-8.151,hydrophobic,,,,,hydrogen_bond,,,,,,,,,hydrophobic,,hydrophobic,,salt_bridge,,,,hydrophobic,,,,hydrophobic,
ZINC000003797541,ZINC000003797541,C[C@]12CC[C@H]3[C@@H](CC=C4C[C@@H](O)CC[C@@]43C)[C@@H]1CC=C2c1cccnc1,0.0566680228480486,49.0,-9.465,hydrophobic,,,,,hydrophobic,,,,,,,,,hydrophobic,,,,,,,,,,,,hydrophobic,
ZINC000000008667,ZINC000000008667,C[C@@H](C(=O)O)c1ccc(-c2ccccc2)c(F)c1,0.0566176818727671,50.0,-8.375,hydrophobic,salt_bridge,,hydrogen_bond,,,hydrogen_bond,,,,,,,,hydrophobic,,hydrophobic,,,,,,hydrophobic,,,,hydrophobic,
ZINC000035328014,ZINC000035328014,C=CC(=O)N1CCC[C@@H](n2nc(-c3ccc(Oc4ccccc4)cc3)c3c(N)ncnc32)C1,0.0462407222259499,51.0,-9.657,,,,,,,,,,,,,,,hydrophobic,hydrophobic,hydrophobic,hydrogen_bond,pi_cation,,,,hydrophobic,,,,hydrophobic,
ZINC000003872931,ZINC000003872931,CCCCC1=NC2(CCCC2)C(=O)N1Cc1ccc(-c2ccccc2-c2nn[nH]n2)cc1,0.0424707748754206,52.0,-9.587,hydrophobic,hydrogen_bond,,,,hydrophobic,,,,,,,,,hydrophobic,,hydrophobic,,,,,,hydrophobic,,,hydrogen_bond,hydrophobic,
ZINC000169289767,ZINC000169289767,Cc1cc(-c2ccc(/N=N/c3c(S(=O)(=O)O)cc4cc(S(=O)(=O)O)cc(N)c4c3O)c(C)c2)ccc1/N=N/c1c(S(=O)(=O)O)cc2cc(S(=O)(=O)O)cc(N)c2c1O,0.0358413735608334,53.0,-1.946,,salt_bridge,hydrogen_bond,,,,hydrogen_bond,hydrogen_bond,,hydrophobic,,,,,hydrophobic,,,,hydrogen_bond;hydrophobic;salt_bridge,,salt_bridge,,,,hydrogen_bond,,,
ZINC000001529323,ZINC000001529323,CN(Cc1cnc2nc(N)nc(N)c2n1)c1ccc(C(=O)N[C@@H](CCC(=O)O)C(=O)O)cc1,0.0350404838305751,54.0,-8.089,,hydrogen_bond,salt_bridge,,,,,,,hydrogen_bond;hydrophobic,,,,,hydrophobic,,hydrophobic,,,,,,hydrophobic,hydrogen_bond,,,,
ZINC000000120286,ZINC000000120286,Nc1nc(N)c2nc(-c3ccccc3)c(N)nc2n1,0.030049643403297,55.0,-8.243,hydrophobic,,,,,salt_bridge,,,,,,,,,hydrophobic,,hydrogen_bond;hydrophobic,,,,,,hydrophobic,,,,,
ZINC000009224016,ZINC000009224016,Cc1[nH]c(=O)c(C#N)cc1-c1ccncc1,0.0206144070810416,56.0,-7.722,,,,,,,,,,,,,,,hydrophobic,,hydrophobic,hydrogen_bond,,,,,,,,,hydrophobic,
ZINC000068153186,ZINC000068153186,CC(C)(C)c1nc(-c2cccc(NS(=O)(=O)c3c(F)cccc3F)c2F)c(-c2ccnc(N)n2)s1,0.0156053014930693,57.0,-9.325,hydrophobic,hydrogen_bond;hydrophobic;pi_cation,,,salt_bridge,hydrophobic;salt_bridge,,,,,,,,,hydrophobic,,,hydrophobic,,,,,hydrophobic,,,,,
ZINC000019632618,ZINC000019632618,Cc1ccc(NC(=O)c2ccc(CN3CCN(C)CC3)cc2)cc1Nc1nccc(-c2cccnc2)n1,0.0136812229530891,58.0,-10.4,hydrophobic,hydrophobic,hydrogen_bond,,,,,,,hydrophobic,hydrogen_bond,,,,hydrophobic,,hydrophobic,,,,hydrogen_bond,,hydrophobic,,,hydrogen_bond,,hydrophobic
ZINC000000001408,ZINC000000001408,CCOC(=O)c1cncn1[C@H](C)c1ccccc1,0.0112575286670393,59.0,-7.092,hydrophobic,,,,,hydrophobic,,,,,,,,,hydrophobic,,hydrophobic,,,,,,hydrophobic,,,hydrogen_bond,,
ZINC000043207238,ZINC000043207238,Cc1ccc([C@@H]2O[C@H](CO)[C@@H](O)[C@H](O)[C@H]2O)cc1Cc1ccc(-c2ccc(F)cc2)s1,0.0110269897298663,60.0,-8.289,hydrophobic,,,,,hydrophobic,hydrogen_bond,,,,,,,,hydrophobic,,hydrophobic,halogen_bond,,,,,,,,hydrogen_bond,,
ZINC000014210642,ZINC000014210642,CCOc1nc2cccc(C(=O)OCc3oc(=O)oc3C)c2n1Cc1ccc(-c2ccccc2-c2noc(=O)[nH]2)cc1,0.00957445247664,61.0,-10.74,hydrophobic,hydrogen_bond;hydrophobic;pi_cation,,,,,,,,,,,,,hydrophobic,hydrophobic,hydrophobic,,hydrogen_bond;salt_bridge,,,,hydrophobic,,,hydrogen_bond,hydrophobic,
ZINC000001550766,ZINC000001550766,OCCOc1ccc(/C(=C(/CCCl)c2ccccc2)c2ccccc2)cc1,0.0070304067355662,62.0,-7.523,,hydrogen_bond;hydrophobic,,hydrogen_bond,hydrogen_bond,hydrogen_bond,,,,,,,,,hydrophobic,,hydrophobic,,,,,,,,,,hydrophobic,
ZINC000003990451,ZINC000003990451,CC(C)N(CCCCOCC(=O)NS(C)(=O)=O)c1cnc(-c2ccccc2)c(-c2ccccc2)n1,0.0021587499169043,63.0,-7.834,,hydrophobic,hydrogen_bond,,,hydrophobic,hydrogen_bond,,,,,,,,,,hydrogen_bond,,,,,,,,,hydrogen_bond,hydrophobic,
ZINC000003941496,ZINC000003941496,COC(=O)N[C@H](C(=O)N[C@@H](Cc1ccccc1)[C@@H](O)CN(Cc1ccc(-c2ccccn2)cc1)NC(=O)[C@@H](NC(=O)OC)C(C)(C)C)C(C)(C)C,0.0020634976981144,64.0,,,,,,,,,,,,,,,,,,,,,,,,,,,,,
ZINC000002568036,ZINC000002568036,O=C1CN(/N=C/c2ccc(-c3ccc([N+](=O)[O-])cc3)o2)C(=O)N1,-0.0016118857084992,65.0,-8.71,,,,,,,,,,,,,hydrogen_bond,hydrogen_bond,,,hydrophobic,,hydrogen_bond,,,,,,,,,
ZINC000001187543,ZINC000001187543,Cn1cc[nH]c1=S,-0.0028996921109457,66.0,-3.582,,,,,,,,,,,,,,,,,,hydrogen_bond,,,,,,,,,,
ZINC000001485935,ZINC000001485935,C[C@@H](c1nc(-c2ccc(C#N)cc2)cs1)[C@](O)(Cn1cncn1)c1cc(F)ccc1F,-0.0108821990617749,67.0,-9.789,,,hydrogen_bond,,,hydrophobic,,,,,,,,,,,hydrophobic,,,,,,hydrophobic,,,hydrogen_bond,hydrophobic,
ZINC000084758235,ZINC000084758235,Cc1ccn(-c2cc(Cl)ccc2[C@@H](Oc2cc(-c3ccc(C[C@H](N)C(=O)O)cc3)nc(N)n2)C(F)(F)F)n1,-0.0109140666441291,68.0,-9.84,,hydrophobic,hydrogen_bond,halogen_bond,,hydrophobic,,,hydrogen_bond,,,,,,hydrophobic,,hydrophobic,,,,salt_bridge,,hydrophobic,hydrogen_bond,,,hydrophobic,
ZINC000005733652,ZINC000005733652,COc1ccc(-c2cc(=O)c3c(O)cc(O)cc3o2)cc1O,-0.0129440450124544,69.0,-9.213,,,hydrogen_bond,,,,,,hydrogen_bond,,,,,,hydrophobic,,hydrophobic,hydrogen_bond,,,,,hydrophobic,,,,hydrophobic,
ZINC000003875259,ZINC000003875259,CCCCC(=O)N(Cc1ccc(-c2ccccc2-c2nn[nH]n2)cc1)[C@H](C(=O)O)C(C)C,-0.0171616449937876,70.0,-9.033,,hydrophobic;salt_bridge,,hydrogen_bond,,hydrogen_bond,,,,,,,,,,,hydrophobic,hydrogen_bond,,,,,hydrophobic,,,,hydrophobic,
ZINC000003874715,ZINC000003874715,COc1cc([C@H]2c3cc4c(cc3[C@H](O)[C@H]3COC(=O)[C@H]23)OCO4)cc(OC)c1OC,-0.017326214466391,71.0,-7.048,,hydrophobic;salt_bridge,,,,,,,,,,,,,,,hydrophobic,,,,,,,,,hydrogen_bond,,
ZINC000004074875,ZINC000004074875,CCOc1nc2cccc(C(=O)O[C@H](C)OC(=O)OC3CCCCC3)c2n1Cc1ccc(-c2ccccc2-c2nn[nH]n2)cc1,-0.0202603895570616,72.0,-8.136,,hydrogen_bond;hydrophobic,,,,hydrophobic,hydrogen_bond,,,,,,,,,,hydrophobic,,,hydrophobic,,,,,,hydrogen_bond,hydrophobic,
ZINC000000025958,ZINC000000025958,CNCc1ccc(-c2[nH]c3cc(F)cc4c3c2CCNC4=O)cc1,-0.0237338699901369,73.0,-8.3,hydrophobic,,hydrogen_bond,,,,,,,hydrophobic,,,,,hydrophobic,,hydrophobic,,,,,,hydrophobic,,,,,
ZINC000000004448,ZINC000000004448,Cc1nccn1C[C@H]1CCc2c(c3ccccc3n2C)C1=O,-0.0245110429021436,74.0,-8.851,hydrophobic,,,,,,,,,,,,,,,,hydrophobic,,,,,,hydrophobic,,,,,
ZINC000004097427,ZINC000004097427,CCOc1nc2cccc(C(=O)O[C@@H](C)OC(=O)OC3CCCCC3)c2n1Cc1ccc(-c2ccccc2-c2nnn[nH]2)cc1,-0.0249355647224697,75.0,-8.535,hydrophobic,hydrogen_bond;hydrophobic,,,,hydrophobic,hydrogen_bond,,,,,,,,hydrophobic,,hydrophobic,,,hydrophobic,,,,,,hydrogen_bond,,
ZINC000000538621,ZINC000000538621,CCCc1nc(C(C)(C)O)c(C(=O)O)n1Cc1ccc(-c2ccccc2-c2nnn[nH]2)cc1,-0.0255776083004398,76.0,-8.916,hydrophobic,hydrogen_bond,,,,,hydrogen_bond,,,,,,,,hydrophobic,,hydrophobic,,,,,,hydrophobic,,,hydrogen_bond,hydrophobic,
ZINC000000005423,ZINC000000005423,Cc1nc(-c2ccc(OCC(C)C)c(C#N)c2)sc1C(=O)O,-0.0277157553765613,77.0,-7.955,,salt_bridge,,,,hydrogen_bond,,,,,,,,,hydrophobic,,hydrophobic,,,,,,hydrophobic,,,,hydrophobic,
ZINC000000020245,ZINC000000020245,CN(C)CCCN1c2ccccc2CCc2ccccc21,-0.0309412273138402,78.0,-6.401,hydrophobic,,hydrogen_bond,,,,,,,salt_bridge,,,,,hydrophobic,,hydrophobic,,,,,,hydrophobic,,,,hydrophobic,
ZINC000000075126,ZINC000000075126,Cc1nccn1C[C@@H]1CCc2c(c3ccccc3n2C)C1=O,-0.031988780039069,79.0,-9.209,,,,,,hydrophobic,,,,,,,,,hydrophobic,,hydrophobic,,,,,,hydrophobic,,,,hydrophobic,
ZINC000072318121,ZINC000072318121,CCN1CCN(Cc2ccc(Nc3ncc(F)c(-c4cc(F)c5nc(C)n(C(C)C)c5c4)n3)nc2)CC1,-0.0335645576634441,80.0,-10.81,,hydrogen_bond,,hydrogen_bond,,salt_bridge,,salt_bridge,,halogen_bond,,,,,hydrophobic,,,,hydrogen_bond,,,,hydrophobic,,,,hydrophobic,
ZINC000000601317,ZINC000000601317,N#CC(CCN1CCC(C(=O)O)(c2ccccc2)CC1)(c1ccccc1)c1ccccc1,-0.0336023838769961,81.0,-9.599,hydrophobic,salt_bridge,,,,salt_bridge,,,,,,,,,hydrophobic,hydrophobic,hydrophobic,,,,,,,,,,hydrophobic,
